SEASON,PLAYER_ID,PLAYER_NAME,TEAM_ID,TEAM_ABBREVIATION,AGE,GP,MIN,PTS,REB,AST,TOV,PLUS_MINUS,FG_PCT,FG3_PCT,FT_PCT,OFF_RATING,DEF_RATING,NET_RATING,AST_PCT,AST_TO,AST_RATIO,TM_TOV_PCT,EFG_PCT,TS_PCT,USG_PCT,PACE,PIE,normalized_player_name,player_group,bucks_guard_position,roster_guard_source,AST_TOV_CALC,playmaking_value_index,scoring_efficiency_index,half_court_creator_index,turnover_risk_index,performance_argument_score
2019-20,201935,James Harden,1610612745,HOU,30.0,68,36.5,34.3,6.6,7.5,4.5,4.2,0.444,0.355,0.865,114.0,108.2,5.8,0.366,1.66,19.4,11.6,0.543,0.626,0.356,103.04,0.19,james harden,James Harden,External Free Agent Target,Harden Target,1.6666666666666667,32.88,53.60999999999999,48.247499999999995,13.059999999999999,43.6765
2019-20,202339,Eric Bledsoe,1610612749,MIL,30.0,61,27.0,14.9,4.6,5.4,2.4,7.1,0.475,0.344,0.79,112.5,100.8,11.8,0.275,2.22,25.8,11.7,0.528,0.571,0.233,108.1,0.125,eric bledsoe,Milwaukee Bucks Guard,Bucks Guard,Roster Position,2.2500000000000004,26.93,36.033,38.67305,8.895,35.5598
2019-20,201588,George Hill,1610612749,MIL,34.0,59,21.5,9.4,3.0,3.1,1.0,5.1,0.516,0.46,0.842,112.7,102.1,10.6,0.196,3.16,27.5,8.7,0.624,0.659,0.152,104.84,0.117,george hill,Milwaukee Bucks Guard,Bucks Guard,Roster Position,3.1,20.380000000000003,36.105000000000004,35.115750000000006,5.045,33.35000000000001
2019-20,1628978,Donte DiVincenzo,1610612749,MIL,23.0,66,23.0,9.2,4.8,2.3,1.4,6.2,0.455,0.336,0.733,111.9,99.6,12.2,0.134,1.71,19.4,11.3,0.536,0.557,0.168,107.06,0.102,donte divincenzo,Milwaukee Bucks Guard,Bucks Guard,Roster Position,1.6428571428571428,12.725,30.887,28.999200000000002,6.755,26.634950000000003
2019-20,202083,Wesley Matthews,1610612749,MIL,33.0,67,24.4,7.4,2.5,1.4,0.6,6.8,0.396,0.364,0.765,110.5,98.3,12.2,0.07,2.14,15.8,7.4,0.524,0.547,0.123,107.09,0.054,wesley matthews,Milwaukee Bucks Guard,Bucks Guard,Roster Position,2.3333333333333335,9.31,29.433000000000007,26.472050000000003,3.79,25.145550000000004
2019-20,1626192,Pat Connaughton,1610612749,MIL,27.0,67,18.6,5.4,4.2,1.6,0.8,1.2,0.455,0.331,0.775,107.3,103.8,3.5,0.115,2.06,22.5,10.9,0.547,0.565,0.118,107.17,0.09,pat connaughton,Milwaukee Bucks Guard,Bucks Guard,Roster Position,2.0,11.290000000000003,28.067,26.76295,5.415,24.8677
2019-20,2594,Kyle Korver,1610612749,MIL,39.0,58,16.6,6.7,2.1,1.2,0.8,2.2,0.43,0.418,0.854,109.0,103.7,5.4,0.092,1.42,16.2,11.4,0.599,0.62,0.145,108.43,0.076,kyle korver,Milwaukee Bucks Guard,Bucks Guard,Roster Position,1.4999999999999998,8.21,32.076,26.6421,5.59,24.6856
2019-20,1628425,Sterling Brown,1610612749,MIL,25.0,52,14.7,5.1,3.5,1.0,0.8,1.3,0.371,0.324,0.8,104.0,101.7,2.4,0.094,1.21,14.0,11.5,0.457,0.486,0.162,106.75,0.082,sterling brown,Milwaukee Bucks Guard,Bucks Guard,Roster Position,1.25,7.374999999999999,24.977999999999994,23.198549999999997,5.625,21.229799999999997
2020-21,201935,James Harden,1610612751,BKN,31.0,44,36.6,24.6,7.9,10.8,4.0,2.3,0.466,0.362,0.861,117.2,114.3,2.9,0.442,2.68,31.2,11.6,0.548,0.618,0.283,99.78,0.174,james harden,James Harden,External Free Agent Target,Harden Target,2.7,48.10000000000001,45.654,54.15390000000001,12.059999999999999,49.93290000000001
2020-21,201950,Jrue Holiday,1610612749,MIL,31.0,59,32.3,17.7,4.5,6.1,2.2,6.4,0.503,0.392,0.787,117.9,108.8,9.2,0.253,2.81,26.2,9.3,0.57,0.592,0.217,103.99,0.124,jrue holiday,Milwaukee Bucks Guard,Bucks Guard,Roster Position,2.7727272727272725,29.334999999999997,39.583999999999996,41.77865,7.655,39.099399999999996
2020-21,1628978,Donte DiVincenzo,1610612749,MIL,24.0,66,27.5,10.4,5.8,3.1,1.4,4.6,0.42,0.379,0.718,117.3,109.1,8.1,0.137,2.23,21.9,9.8,0.528,0.542,0.163,104.77,0.087,donte divincenzo,Milwaukee Bucks Guard,Bucks Guard,Roster Position,2.2142857142857144,16.025,31.838,31.687050000000003,6.23,29.506550000000004
2020-21,201952,Jeff Teague,1610612749,MIL,33.0,55,17.3,6.7,1.6,2.4,1.2,1.0,0.433,0.439,0.848,113.0,110.3,2.8,0.182,2.06,25.0,12.1,0.496,0.562,0.174,101.9,0.079,jeff teague,Milwaukee Bucks Guard,Bucks Guard,Roster Position,2.0,15.77,30.298000000000002,30.5778,6.635,28.25555
2020-21,1626192,Pat Connaughton,1610612749,MIL,28.0,69,22.8,6.8,4.8,1.2,0.5,3.2,0.434,0.371,0.775,114.3,107.3,6.9,0.064,2.45,15.6,6.4,0.565,0.578,0.113,104.8,0.079,pat connaughton,Milwaukee Bucks Guard,Bucks Guard,Roster Position,2.4,9.085,30.122,26.969450000000002,3.2399999999999998,25.83545
2020-21,1627854,Bryn Forbes,1610612749,MIL,27.0,70,19.3,10.0,1.6,0.6,0.6,1.4,0.473,0.452,0.77,113.4,110.8,2.7,0.045,1.02,7.1,6.9,0.618,0.631,0.18,104.16,0.076,bryn forbes,Milwaukee Bucks Guard,Bucks Guard,Roster Position,1.0,4.23,35.509,26.09465,3.615,24.8294
2020-21,1630241,Sam Merrill,1610612749,MIL,25.0,30,7.8,3.0,1.0,0.7,0.3,-1.3,0.444,0.447,1.0,101.2,109.7,-8.5,0.135,2.1,20.0,9.5,0.59,0.603,0.146,104.73,0.084,sam merrill,Milwaukee Bucks Guard,Bucks Guard,Roster Position,2.3333333333333335,10.200000000000001,28.869000000000003,25.83415,3.925,24.4604
2021-22,201935,James Harden,1610612755,PHI,32.0,65,37.2,22.0,7.7,10.3,4.4,2.7,0.41,0.33,0.877,114.9,111.4,3.5,0.401,2.35,30.9,13.1,0.485,0.583,0.266,99.49,0.153,james harden,James Harden,External Free Agent Target,Harden Target,2.340909090909091,43.864999999999995,41.964999999999996,50.3035,13.385000000000002,45.61875
2021-22,201950,Jrue Holiday,1610612749,MIL,32.0,67,32.9,18.3,4.5,6.8,2.7,6.4,0.501,0.411,0.761,118.2,109.7,8.5,0.297,2.5,27.3,10.9,0.57,0.593,0.231,101.18,0.126,jrue holiday,Milwaukee Bucks Guard,Bucks Guard,Roster Position,2.518518518518518,31.98,40.327,43.52345,9.215,40.298199999999994
2021-22,1628960,Grayson Allen,1610612749,MIL,26.0,66,27.3,11.1,3.4,1.5,0.7,3.5,0.448,0.409,0.865,112.5,107.5,5.0,0.075,2.33,13.6,5.8,0.588,0.609,0.148,101.69,0.081,grayson allen,Milwaukee Bucks Guard,Bucks Guard,Roster Position,2.142857142857143,9.945,35.103,29.0058,3.4299999999999997,27.805300000000003
2021-22,201588,George Hill,1610612749,MIL,36.0,54,23.2,6.2,2.9,2.2,0.8,5.8,0.429,0.306,0.919,112.5,100.8,11.7,0.124,2.93,25.9,8.9,0.504,0.552,0.115,101.54,0.073,george hill,Milwaukee Bucks Guard,Bucks Guard,Roster Position,2.75,14.755000000000003,27.952,29.148450000000004,4.715,27.498200000000004
2021-22,1626192,Pat Connaughton,1610612749,MIL,29.0,65,26.0,9.9,4.2,1.3,0.5,-0.4,0.458,0.395,0.833,111.3,112.1,-0.7,0.067,2.34,12.9,5.5,0.605,0.62,0.137,101.72,0.089,pat connaughton,Milwaukee Bucks Guard,Bucks Guard,Roster Position,2.6,9.34,34.36,28.293,2.925,27.26925
2021-22,1628975,Jevon Carter,1610612749,MIL,26.0,66,13.7,4.2,1.7,1.5,0.5,-0.8,0.387,0.388,0.833,107.3,110.3,-3.0,0.148,2.82,24.6,8.7,0.518,0.531,0.135,101.81,0.067,jevon carter,Milwaukee Bucks Guard,Bucks Guard,Roster Position,3.0,13.899999999999999,26.601,27.68535,4.045,26.2696
2021-22,1629623,Lindell Wigginton,1610612749,MIL,24.0,19,10.5,4.2,1.3,1.2,0.6,-2.5,0.426,0.346,0.543,107.3,119.2,-11.8,0.167,1.92,20.7,10.8,0.5,0.524,0.183,104.86,0.06,lindell wigginton,Milwaukee Bucks Guard,Bucks Guard,Roster Position,2.0,12.26,25.851999999999997,26.5212,4.9799999999999995,24.778200000000002
2021-22,202083,Wesley Matthews,1610612749,MIL,35.0,49,20.5,5.1,1.9,0.7,0.4,2.8,0.395,0.338,0.786,114.4,107.7,6.7,0.047,2.0,12.6,6.3,0.516,0.536,0.104,102.71,0.035,wesley matthews,Milwaukee Bucks Guard,Bucks Guard,Roster Position,1.7499999999999998,6.379999999999999,26.896000000000004,24.3626,3.005,23.310850000000002
2022-23,201935,James Harden,1610612755,PHI,33.0,58,36.8,21.0,6.1,10.7,3.4,4.8,0.441,0.385,0.867,119.4,113.3,6.1,0.439,3.17,34.4,10.9,0.536,0.607,0.247,96.11,0.159,james harden,James Harden,External Free Agent Target,Harden Target,3.1470588235294117,49.315,42.665,53.995999999999995,10.615,50.28075
2022-23,201950,Jrue Holiday,1610612749,MIL,33.0,67,32.6,19.3,5.1,7.4,2.9,7.2,0.479,0.384,0.859,117.0,107.9,9.2,0.321,2.51,27.6,11.0,0.556,0.586,0.244,102.82,0.135,jrue holiday,Milwaukee Bucks Guard,Bucks Guard,Roster Position,2.5517241379310347,34.455000000000005,40.55800000000001,44.84555000000001,9.649999999999999,41.46805000000001
2022-23,204060,Joe Ingles,1610612749,MIL,35.0,46,22.7,6.9,2.8,3.3,1.2,1.7,0.435,0.409,0.857,114.9,112.4,2.5,0.181,2.73,32.5,11.9,0.603,0.616,0.122,104.12,0.076,joe ingles,Milwaukee Bucks Guard,Bucks Guard,Roster Position,2.75,19.435,31.988,33.37505,6.5649999999999995,31.0773
2022-23,201609,Goran Dragic,1610612749,MIL,37.0,58,15.0,6.3,1.4,2.6,1.1,0.1,0.421,0.359,0.689,111.6,112.2,-0.6,0.237,2.4,26.5,11.1,0.499,0.514,0.198,103.2,0.073,goran dragic,Milwaukee Bucks Guard,Bucks Guard,Roster Position,2.3636363636363633,19.230000000000004,27.338,31.304800000000004,6.085,29.175050000000002
2022-23,1628960,Grayson Allen,1610612749,MIL,27.0,72,27.4,10.4,3.3,2.3,1.0,3.2,0.44,0.399,0.905,113.9,109.1,4.9,0.107,2.26,19.4,8.6,0.571,0.612,0.143,102.56,0.078,grayson allen,Milwaukee Bucks Guard,Bucks Guard,Roster Position,2.3,13.07,34.528,30.6633,5.01,28.9098
2022-23,1628975,Jevon Carter,1610612749,MIL,27.0,81,22.4,8.0,2.5,2.4,1.0,0.8,0.423,0.421,0.816,109.2,107.2,1.9,0.15,2.53,23.1,9.1,0.549,0.56,0.149,102.73,0.073,jevon carter,Milwaukee Bucks Guard,Bucks Guard,Roster Position,2.4,15.494999999999997,31.052,30.310450000000003,5.185,28.495700000000003
2022-23,1626192,Pat Connaughton,1610612749,MIL,30.0,61,23.7,7.6,4.6,1.3,0.5,2.2,0.392,0.339,0.659,113.3,109.9,3.4,0.069,2.33,14.1,6.0,0.521,0.531,0.133,103.42,0.075,pat connaughton,Milwaukee Bucks Guard,Bucks Guard,Roster Position,2.6,9.405000000000001,28.733,26.5593,3.0999999999999996,25.4743
2022-23,1631260,AJ Green,1610612749,MIL,23.0,35,9.9,4.4,1.3,0.6,0.3,-0.7,0.424,0.419,1.0,107.9,112.8,-4.9,0.092,2.44,14.0,5.7,0.6,0.607,0.159,102.9,0.076,aj green,Milwaukee Bucks Guard,Bucks Guard,Roster Position,2.0,8.690000000000001,29.793,25.99705,2.5949999999999998,25.088800000000003
2022-23,202083,Wesley Matthews,1610612749,MIL,36.0,52,15.8,3.4,2.2,0.7,0.3,1.0,0.363,0.315,0.857,111.1,108.3,2.8,0.053,1.89,15.0,8.0,0.484,0.519,0.095,104.52,0.041,wesley matthews,Milwaukee Bucks Guard,Bucks Guard,Roster Position,2.3333333333333335,6.6049999999999995,24.665,23.3755,3.4,22.185499999999998
2023-24,201935,James Harden,1610612746,LAC,34.0,72,34.3,16.6,5.1,8.5,2.6,4.0,0.428,0.381,0.878,120.9,115.2,5.6,0.338,3.32,35.1,10.6,0.541,0.612,0.202,96.87,0.131,james harden,James Harden,External Free Agent Target,Harden Target,3.269230769230769,40.1,39.272000000000006,47.89020000000001,8.91,44.77170000000001
2023-24,203081,Damian Lillard,1610612749,MIL,33.0,73,35.3,24.3,4.4,7.0,2.6,5.3,0.424,0.354,0.92,119.4,112.4,6.9,0.284,2.63,23.2,8.8,0.51,0.59,0.274,102.06,0.132,damian lillard,Milwaukee Bucks Guard,Bucks Guard,Roster Position,2.692307692307692,32.405,44.338,45.28105000000001,8.280000000000001,42.383050000000004
2023-24,201976,Patrick Beverley,1610612749,MIL,35.0,73,20.0,6.2,3.3,2.9,0.9,-0.8,0.417,0.337,0.822,110.7,112.2,-1.6,0.205,3.26,30.5,9.4,0.497,0.539,0.141,98.44,0.086,patrick beverley,Milwaukee Bucks Guard,Bucks Guard,Roster Position,3.222222222222222,20.439999999999998,27.869000000000003,32.06615,5.09,30.28465
2023-24,1631157,Ryan Rollins,1610612749,MIL,21.0,13,6.0,3.4,1.0,1.1,0.6,4.8,0.519,0.75,0.765,118.9,83.4,35.4,0.209,1.75,25.0,14.3,0.574,0.638,0.214,107.9,0.16,ryan rollins,Milwaukee Bucks Guard,Bucks Guard,Roster Position,1.8333333333333335,13.385,34.05,31.169249999999998,6.205,28.9975
2023-24,1626192,Pat Connaughton,1610612749,MIL,31.0,76,22.1,5.6,3.1,2.1,0.6,-0.2,0.435,0.345,0.759,115.1,115.9,-0.8,0.123,3.29,27.7,8.4,0.553,0.574,0.106,101.34,0.066,pat connaughton,Milwaukee Bucks Guard,Bucks Guard,Roster Position,3.5000000000000004,15.255,28.71,29.948749999999997,4.14,28.49975
2023-24,1627736,Malik Beasley,1610612749,MIL,27.0,79,29.6,11.3,3.7,1.4,0.7,3.7,0.443,0.413,0.714,118.3,112.6,5.8,0.059,2.0,12.0,6.0,0.598,0.603,0.142,102.26,0.065,malik beasley,Milwaukee Bucks Guard,Bucks Guard,Roster Position,2.0,8.509999999999998,35.101,28.79585,3.4999999999999996,27.57085
2023-24,1631260,AJ Green,1610612749,MIL,24.0,56,11.0,4.5,1.1,0.5,0.2,0.9,0.423,0.408,0.895,114.0,110.5,3.5,0.068,2.5,12.3,4.9,0.599,0.617,0.15,98.96,0.068,aj green,Milwaukee Bucks Guard,Bucks Guard,Roster Position,2.5,7.670000000000001,30.091,26.150350000000003,2.115,25.410100000000003
2023-24,1641748,Andre Jackson Jr.,1610612749,MIL,22.0,57,10.0,2.2,2.0,0.9,0.5,-1.6,0.5,0.37,0.727,112.3,119.6,-7.3,0.113,1.79,27.3,15.3,0.585,0.596,0.097,102.32,0.044,andre jackson jr,Milwaukee Bucks Guard,Bucks Guard,Roster Position,1.8,9.155000000000001,27.060000000000002,25.736250000000002,6.3549999999999995,23.512
2023-24,1630699,MarJon Beauchamp,1610612749,MIL,23.0,48,12.7,4.4,2.1,0.6,0.6,-0.3,0.488,0.4,0.679,113.5,114.5,-1.0,0.067,1.15,13.1,11.4,0.578,0.592,0.141,103.51,0.064,marjon beauchamp,Milwaukee Bucks Guard,Bucks Guard,Fallback Guard List,1.0,5.305,29.04,24.43175,5.1899999999999995,22.61525
2023-24,1631102,TyTy Washington Jr.,1610612749,MIL,22.0,11,5.1,1.3,0.5,0.5,0.2,-1.2,0.3,0.333,0.0,82.4,96.7,-14.3,0.161,2.5,18.5,7.4,0.35,0.35,0.165,105.15,0.05,tyty washington jr,Milwaukee Bucks Guard,Bucks Guard,Roster Position,2.5,11.39,17.286,20.5546,2.9899999999999998,19.508100000000002
2024-25,203081,Damian Lillard,1610612749,MIL,34.0,58,36.1,24.9,4.7,7.1,2.8,0.9,0.448,0.376,0.921,115.3,114.6,0.7,0.299,2.53,23.8,9.4,0.547,0.621,0.269,100.86,0.144,damian lillard,Milwaukee Bucks Guard,Bucks Guard,Roster Position,2.5357142857142856,32.855000000000004,46.167,45.758700000000005,8.89,42.647200000000005
2024-25,201935,James Harden,1610612746,LAC,35.0,79,35.3,22.8,5.8,8.7,4.3,4.4,0.41,0.352,0.874,115.4,109.2,6.2,0.365,2.01,26.9,13.4,0.501,0.582,0.286,98.82,0.145,james harden,James Harden,External Free Agent Target,Harden Target,2.0232558139534884,37.265,42.834,47.02765,13.29,42.37615
2024-25,1629645,Kevin Porter Jr.,1610612749,MIL,25.0,75,19.8,10.3,3.7,3.4,1.8,0.4,0.449,0.311,0.769,109.1,108.0,1.1,0.276,1.88,22.9,12.2,0.492,0.531,0.248,100.63,0.119,kevin porter jr,Milwaukee Bucks Guard,Bucks Guard,Roster Position,1.8888888888888888,21.360000000000003,30.557000000000002,33.35295000000001,7.869999999999999,30.598450000000007
2024-25,1631157,Ryan Rollins,1610612749,MIL,22.0,56,14.6,6.2,1.9,1.9,0.9,1.5,0.487,0.408,0.8,114.0,108.6,5.4,0.173,1.96,23.3,11.9,0.577,0.6,0.179,101.74,0.088,ryan rollins,Milwaukee Bucks Guard,Bucks Guard,Roster Position,2.111111111111111,14.209999999999999,30.856,30.015099999999997,5.965,27.927349999999997
2024-25,1631260,AJ Green,1610612749,MIL,25.0,73,22.7,7.4,2.4,1.5,0.5,3.1,0.429,0.427,0.815,114.0,107.6,6.4,0.086,2.7,18.6,6.9,0.612,0.621,0.123,100.84,0.058,aj green,Milwaukee Bucks Guard,Bucks Guard,Roster Position,3.0,11.24,32.779,29.054650000000002,3.415,27.8594
2024-25,1626192,Pat Connaughton,1610612749,MIL,32.0,41,14.7,5.3,2.7,1.7,0.6,-0.3,0.469,0.321,0.774,111.7,114.6,-2.9,0.159,2.92,24.7,8.5,0.542,0.567,0.151,99.41,0.088,pat connaughton,Milwaukee Bucks Guard,Bucks Guard,Roster Position,2.8333333333333335,14.94,27.937,29.164950000000005,4.175,27.703700000000005
2024-25,1629018,Gary Trent Jr.,1610612749,MIL,26.0,74,25.6,11.1,2.3,1.2,0.6,0.9,0.431,0.416,0.848,115.9,114.0,1.9,0.064,2.07,10.6,5.1,0.568,0.591,0.168,100.75,0.07,gary trent jr,Milwaukee Bucks Guard,Bucks Guard,Roster Position,2.0,8.365,34.556999999999995,28.2857,2.9849999999999994,27.240949999999998
2024-25,1641748,Andre Jackson Jr.,1610612749,MIL,23.0,67,14.6,3.4,2.7,1.2,0.9,-0.5,0.477,0.395,0.5,110.6,112.1,-1.5,0.109,1.43,23.8,16.6,0.553,0.554,0.115,101.48,0.051,andre jackson jr,Milwaukee Bucks Guard,Bucks Guard,Roster Position,1.3333333333333333,8.755,26.85,25.272750000000002,7.61,22.609250000000003
2024-25,1630649,Stanley Umude,1610612749,MIL,26.0,22,3.9,0.7,0.8,0.2,0.1,-0.7,0.192,0.2,0.5,85.6,95.8,-10.1,0.071,1.33,11.4,8.6,0.25,0.27,0.137,107.72,0.022,stanley umude,Milwaukee Bucks Guard,Bucks Guard,Roster Position,2.0,5.285,12.410000000000002,15.810250000000002,3.21,14.686750000000002
2025-26,201935,James Harden,1610612739,CLE,36.0,70,34.8,23.6,4.8,8.0,3.5,1.4,0.434,0.375,0.884,118.8,117.0,1.8,0.347,2.27,26.1,11.5,0.529,0.61,0.279,98.24,0.143,james harden,James Harden,External Free Agent Target,Harden Target,2.2857142857142856,36.035,44.730000000000004,47.35475,11.024999999999999,43.496
2025-26,1629645,Kevin Porter Jr.,1610612749,MIL,25.0,38,33.2,17.4,5.2,7.4,2.9,-2.8,0.465,0.322,0.878,111.4,116.1,-4.7,0.336,2.55,28.8,11.3,0.51,0.567,0.236,99.18,0.132,kevin porter jr,Milwaukee Bucks Guard,Bucks Guard,Roster Position,2.5517241379310347,35.115,37.629,43.623400000000004,9.754999999999999,40.20915
2025-26,1631157,Ryan Rollins,1610612749,MIL,23.0,74,32.1,17.3,4.6,5.6,2.7,-2.4,0.472,0.406,0.796,113.3,116.5,-3.2,0.264,2.06,24.2,11.7,0.561,0.583,0.236,99.55,0.111,ryan rollins,Milwaukee Bucks Guard,Bucks Guard,Roster Position,2.074074074074074,26.4,39.117,39.540949999999995,9.495000000000001,36.217699999999994
2025-26,1642504,Cormac Ryan,1610612749,MIL,27.0,11,24.6,14.3,2.5,1.7,1.5,-1.6,0.52,0.458,0.923,116.0,119.0,-3.1,0.11,1.12,12.8,11.5,0.652,0.692,0.206,96.73,0.104,cormac ryan,Milwaukee Bucks Guard,Bucks Guard,Roster Position,1.1333333333333333,8.93,41.156,30.9161,7.0249999999999995,28.45735
2025-26,1631260,AJ Green,1610612749,MIL,26.0,78,29.1,10.4,2.7,1.9,1.0,-1.9,0.424,0.419,0.855,113.1,116.7,-3.6,0.09,2.03,17.6,8.7,0.612,0.627,0.135,99.28,0.058,aj green,Milwaukee Bucks Guard,Bucks Guard,Roster Position,1.9,10.844999999999999,35.293,29.627299999999998,5.045,27.861549999999998
2025-26,203914,Gary Harris,1610612749,MIL,31.0,48,13.8,2.7,1.3,1.1,0.4,-2.8,0.442,0.412,0.889,105.9,115.5,-9.6,0.105,2.68,28.8,10.7,0.577,0.593,0.082,98.9,0.048,gary harris,Milwaukee Bucks Guard,Bucks Guard,Roster Position,2.75,10.92,27.858999999999998,26.34665,4.545,24.7559
2025-26,1629018,Gary Trent Jr.,1610612749,MIL,27.0,65,21.2,8.1,1.0,1.2,0.6,-5.4,0.387,0.36,0.769,107.9,120.4,-12.4,0.082,1.93,12.9,6.7,0.517,0.533,0.167,99.53,0.047,gary trent jr,Milwaukee Bucks Guard,Bucks Guard,Roster Position,2.0,8.875,29.455000000000002,25.9805,3.545,24.73975
2025-26,1641748,Andre Jackson Jr.,1610612749,MIL,24.0,48,8.5,2.4,1.5,0.9,0.6,-1.5,0.328,0.25,0.625,103.2,110.6,-7.5,0.16,1.39,20.7,14.9,0.391,0.425,0.17,100.27,0.044,andre jackson jr,Milwaukee Bucks Guard,Bucks Guard,Roster Position,1.5,10.285000000000002,19.795,22.905,6.415,20.659750000000003
